name,region,county,population,latest_home_price,home_price_year,dor_income_per_capita,eqv_per_capita,economic_score,crime_actual_offenses,crime_rate_per_1000,safety_score,drive_minutes_to_boston,drive_distance_miles_to_boston,commute_score,school_score,affordability_score,family_score,missing_fields,data_sources,tags,data_quality_tier,is_coastal,is_coastal_source,region_key
Boston,Core Boston + inner metro,Suffolk,673458,767500.0,2021.0,65287,358986,7.04,29732,46.25,0.0,4.8,0.5,10.0,1.55,3.29,2.97,[],"['DOR_Income_EQV_Per_Capita.xlsx', 'Google Distance Matrix', 'MA_Public_Schools_2017.csv', 'SRS Crime Rates CSV', 'housing_price_data.txt']","['Core Boston + inner metro', 'coastal', 'short commute', 'higher income area']",full,True,curated,core_boston_inner_metro
Cambridge,Core Boston + inner metro,Middlesex,121186,1800000.0,2021.0,78192,704531,8.7,4741,39.85,0.1,12.3,5.19,9.9,6.19,0.13,3.78,[],"['DOR_Income_EQV_Per_Capita.xlsx', 'Google Distance Matrix', 'MA_Public_Schools_2017.csv', 'SRS Crime Rates CSV', 'housing_price_data.txt']","['Core Boston + inner metro', 'short commute', 'higher income area']",full,False,,core_boston_inner_metro
Somerville,Core Boston + inner metro,Middlesex,82149,967500.0,2021.0,61870,325821,6.46,1783,22.42,1.21,15.7,4.95,9.75,0.36,1.34,2.34,[],"['DOR_Income_EQV_Per_Capita.xlsx', 'Google Distance Matrix', 'MA_Public_Schools_2017.csv', 'SRS Crime Rates CSV', 'housing_price_data.txt']","['Core Boston + inner metro', 'short commute']",full,False,,core_boston_inner_metro
Brookline,Core Boston + inner metro,Norfolk,63925,2026712.0,2021.0,100201,528253,9.12,783,12.5,4.12,22.1,7.27,8.84,4.23,0.07,4.38,[],"['DOR_Income_EQV_Per_Capita.xlsx', 'Google Distance Matrix', 'MA_Public_Schools_2017.csv', 'SRS Crime Rates CSV', 'housing_price_data.txt']","['Core Boston + inner metro', 'short commute', 'higher income area']",full,False,,core_boston_inner_metro
Newton,Core Boston + inner metro,Middlesex,90700,1525000.0,2021.0,167243,491284,9.6,752,8.64,5.53,17.5,9.67,9.65,,0.34,5.16,['school_score'],"['DOR_Income_EQV_Per_Capita.xlsx', 'Google Distance Matrix', 'SRS Crime Rates CSV', 'housing_price_data.txt']","['Core Boston + inner metro', 'short commute', 'higher income area']",partial,False,,core_boston_inner_metro
Watertown,Core Boston + inner metro,Middlesex,35985,785000.0,2021.0,63164,365242,6.91,901,25.75,0.75,18.2,8.65,9.45,4.94,2.95,3.89,[],"['DOR_Income_EQV_Per_Capita.xlsx', 'Google Distance Matrix', 'MA_Public_Schools_2017.csv', 'SRS Crime Rates CSV', 'housing_price_data.txt']","['Core Boston + inner metro', 'short commute']",full,False,,core_boston_inner_metro
Waltham,Core Boston + inner metro,Middlesex,65849,705000.0,2021.0,49410,309997,5.3,999,15.66,2.76,21.7,12.18,8.94,2.02,4.03,3.53,[],"['DOR_Income_EQV_Per_Capita.xlsx', 'Google Distance Matrix', 'MA_Public_Schools_2017.csv', 'SRS Crime Rates CSV', 'housing_price_data.txt']","['Core Boston + inner metro', 'short commute']",full,False,,core_boston_inner_metro
Belmont,Core Boston + inner metro,Middlesex,27442,1430000.0,2021.0,112427,437049,9.02,258,9.72,5.03,23.3,10.55,8.69,9.88,0.6,6.13,[],"['DOR_Income_EQV_Per_Capita.xlsx', 'Google Distance Matrix', 'MA_Public_Schools_2017.csv', 'SRS Crime Rates CSV', 'housing_price_data.txt']","['Core Boston + inner metro', 'strong schools', 'short commute', 'higher income area']",full,False,,core_boston_inner_metro
Arlington,Core Boston + inner metro,Middlesex,47112,950000.0,2021.0,83690,337342,7.86,322,7.1,6.43,20.9,8.76,9.15,9.11,1.41,6.2,[],"['DOR_Income_EQV_Per_Capita.xlsx', 'Google Distance Matrix', 'MA_Public_Schools_2017.csv', 'SRS Crime Rates CSV', 'housing_price_data.txt']","['Core Boston + inner metro', 'strong schools', 'short commute', 'higher income area']",full,False,,core_boston_inner_metro
Medford,Core Boston + inner metro,Middlesex,59898,750000.0,2021.0,55839,274847,5.42,1133,16.59,2.51,11.0,6.0,9.95,1.31,3.49,3.18,[],"['DOR_Income_EQV_Per_Capita.xlsx', 'Google Distance Matrix', 'MA_Public_Schools_2017.csv', 'SRS Crime Rates CSV', 'housing_price_data.txt']","['Core Boston + inner metro', 'short commute']",full,False,,core_boston_inner_metro
Malden,Core Boston + inner metro,Middlesex,66693,605000.0,2021.0,36430,166966,0.96,1290,20.07,1.66,20.1,6.95,9.25,4.29,5.74,3.16,[],"['DOR_Income_EQV_Per_Capita.xlsx', 'Google Distance Matrix', 'MA_Public_Schools_2017.csv', 'SRS Crime Rates CSV', 'housing_price_data.txt']","['Core Boston + inner metro', 'short commute']",full,False,,core_boston_inner_metro
Everett,Core Boston + inner metro,Middlesex,51825,547500.0,2021.0,26405,204127,1.46,1121,22.54,1.16,16.6,6.42,9.7,1.01,7.25,2.72,[],"['DOR_Income_EQV_Per_Capita.xlsx', 'Google Distance Matrix', 'MA_Public_Schools_2017.csv', 'SRS Crime Rates CSV', 'housing_price_data.txt']","['Core Boston + inner metro', 'short commute', 'more affordable']",full,False,,core_boston_inner_metro
Chelsea,Core Boston + inner metro,Suffolk,40245,485000.0,2021.0,27806,157740,0.62,1633,43.16,0.05,14.2,5.03,9.85,0.48,8.32,2.37,[],"['DOR_Income_EQV_Per_Capita.xlsx', 'Google Distance Matrix', 'MA_Public_Schools_2017.csv', 'SRS Crime Rates CSV', 'housing_price_data.txt']","['Core Boston + inner metro', 'coastal', 'short commute', 'more affordable']",full,True,curated,core_boston_inner_metro
Revere,Core Boston + inner metro,Suffolk,60702,540000.0,2021.0,33133,198019,1.58,1603,28.06,0.55,15.1,7.2,9.8,0.3,7.32,2.44,[],"['DOR_Income_EQV_Per_Capita.xlsx', 'Google Distance Matrix', 'MA_Public_Schools_2017.csv', 'SRS Crime Rates CSV', 'housing_price_data.txt']","['Core Boston + inner metro', 'coastal', 'short commute', 'more affordable']",full,True,curated,core_boston_inner_metro
Winthrop,Core Boston + inner metro,Suffolk,18739,665000.0,2021.0,47434,206705,2.99,193,10.6,4.72,21.5,6.67,9.05,2.95,4.7,3.84,[],"['DOR_Income_EQV_Per_Capita.xlsx', 'Google Distance Matrix', 'MA_Public_Schools_2017.csv', 'SRS Crime Rates CSV', 'housing_price_data.txt']","['Core Boston + inner metro', 'coastal', 'short commute']",full,True,curated,core_boston_inner_metro
Quincy,Core Boston + inner metro,Norfolk,103434,620000.0,2021.0,48421,235479,3.7,2522,24.61,0.85,19.4,8.37,9.35,1.13,5.27,2.74,[],"['DOR_Income_EQV_Per_Capita.xlsx', 'Google Distance Matrix', 'MA_Public_Schools_2017.csv', 'SRS Crime Rates CSV', 'housing_price_data.txt']","['Core Boston + inner metro', 'coastal', 'short commute']",full,True,curated,core_boston_inner_metro
Milton,Core Boston + inner metro,Norfolk,28811,869000.0,2021.0,107276,323553,8.16,245,8.62,5.63,17.9,8.86,9.55,8.45,1.81,6.01,[],"['DOR_Income_EQV_Per_Capita.xlsx', 'Google Distance Matrix', 'MA_Public_Schools_2017.csv', 'SRS Crime Rates CSV', 'housing_price_data.txt']","['Core Boston + inner metro', 'strong schools', 'short commute', 'higher income area']",full,False,,core_boston_inner_metro
Dedham,Core Boston + inner metro,Norfolk,25485,630000.0,2021.0,72590,312261,6.98,495,19.77,1.76,27.7,20.54,8.14,8.51,4.87,5.53,[],"['DOR_Income_EQV_Per_Capita.xlsx', 'Google Distance Matrix', 'MA_Public_Schools_2017.csv', 'SRS Crime Rates CSV', 'housing_price_data.txt']","['Core Boston + inner metro', 'strong schools', 'short commute']",full,False,,core_boston_inner_metro
Needham,Core Boston + inner metro,Norfolk,32931,1320000.0,2021.0,139002,433511,9.14,300,9.29,5.33,26.6,15.99,8.34,7.26,0.81,5.64,[],"['DOR_Income_EQV_Per_Capita.xlsx', 'Google Distance Matrix', 'MA_Public_Schools_2017.csv', 'SRS Crime Rates CSV', 'housing_price_data.txt']","['Core Boston + inner metro', 'strong schools', 'short commute', 'higher income area']",full,False,,core_boston_inner_metro
Wellesley,Core Boston + inner metro,Norfolk,31242,1655000.0,2021.0,212430,576575,9.82,210,6.73,6.88,23.1,13.49,8.74,6.13,0.2,5.76,[],"['DOR_Income_EQV_Per_Capita.xlsx', 'Google Distance Matrix', 'MA_Public_Schools_2017.csv', 'SRS Crime Rates CSV', 'housing_price_data.txt']","['Core Boston + inner metro', 'short commute', 'higher income area']",full,False,,core_boston_inner_metro
Weston,Core Boston + inner metro,Middlesex,11827,2105000.0,2021.0,340262,755621,9.98,65,5.58,8.09,21.2,15.71,9.1,9.94,0.0,7.0,[],"['DOR_Income_EQV_Per_Capita.xlsx', 'Google Distance Matrix', 'MA_Public_Schools_2017.csv', 'SRS Crime Rates CSV', 'housing_price_data.txt']","['Core Boston + inner metro', 'strong schools', 'low crime', 'short commute', 'higher income area', 'family-friendly']",full,False,,core_boston_inner_metro
Lexington,Core Boston + inner metro,Middlesex,34743,1550000.0,2021.0,144186,538599,9.55,182,5.35,8.29,27.8,21.35,8.09,6.99,0.27,6.28,[],"['DOR_Income_EQV_Per_Capita.xlsx', 'Google Distance Matrix', 'MA_Public_Schools_2017.csv', 'SRS Crime Rates CSV', 'housing_price_data.txt']","['Core Boston + inner metro', 'low crime', 'short commute', 'higher income area']",full,False,,core_boston_inner_metro
Winchester,Core Boston + inner metro,Middlesex,23953,1349500.0,2021.0,143928,485718,9.38,117,5.18,8.34,19.2,9.42,9.4,6.37,0.74,6.21,[],"['DOR_Income_EQV_Per_Capita.xlsx', 'Google Distance Matrix', 'MA_Public_Schools_2017.csv', 'SRS Crime Rates CSV', 'housing_price_data.txt']","['Core Boston + inner metro', 'low crime', 'short commute', 'higher income area']",full,False,,core_boston_inner_metro
Stoneham,Core Boston + inner metro,Middlesex,24550,702480.0,2021.0,58058,250782,5.06,240,10.64,4.65,17.8,11.45,9.6,7.86,4.09,5.42,[],"['DOR_Income_EQV_Per_Capita.xlsx', 'Google Distance Matrix', 'MA_Public_Schools_2017.csv', 'SRS Crime Rates CSV', 'housing_price_data.txt']","['Core Boston + inner metro', 'strong schools', 'short commute']",full,False,,core_boston_inner_metro
Melrose,Core Boston + inner metro,Middlesex,29938,775000.0,2021.0,69170,272136,6.1,250,8.63,5.58,21.6,10.41,8.99,6.52,3.15,5.34,[],"['DOR_Income_EQV_Per_Capita.xlsx', 'Google Distance Matrix', 'MA_Public_Schools_2017.csv', 'SRS Crime Rates CSV', 'housing_price_data.txt']","['Core Boston + inner metro', 'short commute']",full,False,,core_boston_inner_metro
Wakefield,Core Boston + inner metro,Middlesex,29216,687500.0,2021.0,60266,266323,5.48,234,8.61,5.68,22.9,15.64,8.79,5.71,4.3,5.29,[],"['DOR_Income_EQV_Per_Capita.xlsx', 'Google Distance Matrix', 'MA_Public_Schools_2017.csv', 'SRS Crime Rates CSV', 'housing_price_data.txt']","['Core Boston + inner metro', 'short commute']",full,False,,core_boston_inner_metro
Saugus,Core Boston + inner metro,Essex,29029,550000.0,2021.0,46142,256714,3.97,554,19.36,1.91,20.0,11.59,9.3,2.44,7.11,3.86,[],"['DOR_Income_EQV_Per_Capita.xlsx', 'Google Distance Matrix', 'MA_Public_Schools_2017.csv', 'SRS Crime Rates CSV', 'housing_price_data.txt']","['Core Boston + inner metro', 'short commute', 'more affordable']",full,False,,core_boston_inner_metro
Lynn,Core Boston + inner metro,Essex,103489,475000.0,2021.0,27523,144134,0.43,2635,26.05,0.7,28.5,13.23,8.04,0.95,8.59,2.67,[],"['DOR_Income_EQV_Per_Capita.xlsx', 'Google Distance Matrix', 'MA_Public_Schools_2017.csv', 'SRS Crime Rates CSV', 'housing_price_data.txt']","['Core Boston + inner metro', 'coastal', 'short commute', 'more affordable']",full,True,curated,core_boston_inner_metro
Nahant,Core Boston + inner metro,Essex,3338,820000.0,2021.0,74827,438840,8.12,25,7.62,6.03,34.3,15.74,6.48,,2.55,5.57,['school_score'],"['DOR_Income_EQV_Per_Capita.xlsx', 'Google Distance Matrix', 'SRS Crime Rates CSV', 'housing_price_data.txt']","['Core Boston + inner metro', 'coastal', 'higher income area']",partial,True,curated,core_boston_inner_metro
Swampscott,Core Boston + inner metro,Essex,15658,690000.0,2021.0,76071,316902,7.29,223,14.46,3.37,33.4,14.55,6.73,7.56,4.23,5.61,[],"['DOR_Income_EQV_Per_Capita.xlsx', 'Google Distance Matrix', 'MA_Public_Schools_2017.csv', 'SRS Crime Rates CSV', 'housing_price_data.txt']","['Core Boston + inner metro', 'coastal', 'strong schools', 'higher income area']",full,True,curated,core_boston_inner_metro
Salem,North Shore / northeast suburbs,Essex,45677,560000.0,2021.0,41885,205239,2.18,1386,30.8,0.4,37.9,22.56,5.55,1.43,6.78,2.7,[],"['DOR_Income_EQV_Per_Capita.xlsx', 'Google Distance Matrix', 'MA_Public_Schools_2017.csv', 'SRS Crime Rates CSV', 'housing_price_data.txt']","['North Shore / northeast suburbs', 'coastal']",full,True,curated,north_shore
Beverly,North Shore / northeast suburbs,Essex,43223,607500.0,2021.0,56939,249288,4.94,393,9.31,5.28,35.6,24.51,6.11,4.76,5.64,5.16,[],"['DOR_Income_EQV_Per_Capita.xlsx', 'Google Distance Matrix', 'MA_Public_Schools_2017.csv', 'SRS Crime Rates CSV', 'housing_price_data.txt']","['North Shore / northeast suburbs', 'coastal']",full,True,curated,north_shore
Peabody,North Shore / northeast suburbs,Essex,55418,611500.0,2021.0,41212,216744,2.46,864,16.05,2.71,30.4,19.87,7.59,1.19,5.44,2.95,[],"['DOR_Income_EQV_Per_Capita.xlsx', 'Google Distance Matrix', 'MA_Public_Schools_2017.csv', 'SRS Crime Rates CSV', 'housing_price_data.txt']","['North Shore / northeast suburbs', 'short commute']",full,False,,north_shore
Danvers,North Shore / northeast suburbs,Essex,28590,648596.0,2021.0,55853,269905,5.35,608,21.9,1.36,33.0,22.18,6.83,5.6,4.77,4.27,[],"['DOR_Income_EQV_Per_Capita.xlsx', 'Google Distance Matrix', 'MA_Public_Schools_2017.csv', 'SRS Crime Rates CSV', 'housing_price_data.txt']",['North Shore / northeast suburbs'],full,False,,north_shore
Marblehead,North Shore / northeast suburbs,Essex,20576,850000.0,2021.0,115422,461879,9.18,192,9.49,5.23,43.5,18.75,4.02,6.31,2.01,5.68,[],"['DOR_Income_EQV_Per_Capita.xlsx', 'Google Distance Matrix', 'MA_Public_Schools_2017.csv', 'SRS Crime Rates CSV', 'housing_price_data.txt']","['North Shore / northeast suburbs', 'coastal', 'higher income area']",full,True,curated,north_shore
Lynnfield,North Shore / northeast suburbs,Essex,13230,828500.0,2021.0,104802,384877,8.66,154,11.86,4.27,23.6,17.31,8.59,5.89,2.35,5.29,[],"['DOR_Income_EQV_Per_Capita.xlsx', 'Google Distance Matrix', 'MA_Public_Schools_2017.csv', 'SRS Crime Rates CSV', 'housing_price_data.txt']","['North Shore / northeast suburbs', 'short commute', 'higher income area']",full,False,,north_shore
Reading,North Shore / northeast suburbs,Middlesex,26041,722500.0,2021.0,81402,306533,7.42,203,8.08,5.88,21.8,14.41,8.89,9.64,3.83,6.69,[],"['DOR_Income_EQV_Per_Capita.xlsx', 'Google Distance Matrix', 'MA_Public_Schools_2017.csv', 'SRS Crime Rates CSV', 'housing_price_data.txt']","['North Shore / northeast suburbs', 'strong schools', 'short commute', 'higher income area']",full,False,,north_shore
North Reading,North Shore / northeast suburbs,Middlesex,16379,730000.0,2021.0,82388,305464,7.41,101,6.47,7.19,27.2,18.96,8.22,8.1,3.76,6.61,[],"['DOR_Income_EQV_Per_Capita.xlsx', 'Google Distance Matrix', 'MA_Public_Schools_2017.csv', 'SRS Crime Rates CSV', 'housing_price_data.txt']","['North Shore / northeast suburbs', 'strong schools', 'low crime', 'short commute', 'higher income area']",full,False,,north_shore
Wilmington,North Shore / northeast suburbs,Middlesex,23802,626000.0,2021.0,60329,317890,6.34,369,16.19,2.61,25.0,16.76,8.47,2.14,5.03,4.03,[],"['DOR_Income_EQV_Per_Capita.xlsx', 'Google Distance Matrix', 'MA_Public_Schools_2017.csv', 'SRS Crime Rates CSV', 'housing_price_data.txt']","['North Shore / northeast suburbs', 'short commute']",full,False,,north_shore
Burlington,North Shore / northeast suburbs,Middlesex,26977,707500.0,2021.0,68206,382846,7.34,629,24.29,0.9,23.4,16.42,8.64,8.04,3.96,5.06,[],"['DOR_Income_EQV_Per_Capita.xlsx', 'Google Distance Matrix', 'MA_Public_Schools_2017.csv', 'SRS Crime Rates CSV', 'housing_price_data.txt']","['North Shore / northeast suburbs', 'strong schools', 'short commute', 'higher income area']",full,False,,north_shore
Woburn,North Shore / northeast suburbs,Middlesex,43895,630000.0,2021.0,52300,283560,5.3,639,15.35,2.86,20.6,12.25,9.2,5.48,4.87,4.63,[],"['DOR_Income_EQV_Per_Capita.xlsx', 'Google Distance Matrix', 'MA_Public_Schools_2017.csv', 'SRS Crime Rates CSV', 'housing_price_data.txt']","['North Shore / northeast suburbs', 'short commute']",full,False,,north_shore
Andover,North Shore / northeast suburbs,Essex,36927,840000.0,2021.0,102125,352603,8.39,408,11.21,4.47,32.6,25.7,6.91,5.18,2.15,5.05,[],"['DOR_Income_EQV_Per_Capita.xlsx', 'Google Distance Matrix', 'MA_Public_Schools_2017.csv', 'SRS Crime Rates CSV', 'housing_price_data.txt']","['North Shore / northeast suburbs', 'higher income area']",full,False,,north_shore
North Andover,North Shore / northeast suburbs,Essex,32135,752450.0,2021.0,69633,269027,6.08,269,8.5,5.73,33.8,29.07,6.68,3.81,3.42,4.76,[],"['DOR_Income_EQV_Per_Capita.xlsx', 'Google Distance Matrix', 'MA_Public_Schools_2017.csv', 'SRS Crime Rates CSV', 'housing_price_data.txt']",['North Shore / northeast suburbs'],full,False,,north_shore
Lawrence,North Shore / northeast suburbs,Essex,89332,404500.0,2021.0,22481,93138,0.0,1946,22.16,1.31,37.1,29.76,5.88,0.12,9.93,2.84,[],"['DOR_Income_EQV_Per_Capita.xlsx', 'Google Distance Matrix', 'MA_Public_Schools_2017.csv', 'SRS Crime Rates CSV', 'housing_price_data.txt']","['North Shore / northeast suburbs', 'more affordable']",full,False,,north_shore
Methuen,North Shore / northeast suburbs,Essex,54272,474000.0,2021.0,38729,177033,1.1,873,16.3,2.56,34.8,29.44,6.28,0.54,8.66,3.22,[],"['DOR_Income_EQV_Per_Capita.xlsx', 'Google Distance Matrix', 'MA_Public_Schools_2017.csv', 'SRS Crime Rates CSV', 'housing_price_data.txt']","['North Shore / northeast suburbs', 'more affordable']",full,False,,north_shore
Haverhill,North Shore / northeast suburbs,Essex,68291,460000.0,2021.0,37314,166355,0.96,1723,25.67,0.8,44.4,37.0,3.72,1.79,9.09,3.16,[],"['DOR_Income_EQV_Per_Capita.xlsx', 'Google Distance Matrix', 'MA_Public_Schools_2017.csv', 'SRS Crime Rates CSV', 'housing_price_data.txt']","['North Shore / northeast suburbs', 'more affordable']",full,False,,north_shore
Groveland,North Shore / northeast suburbs,Essex,6849,580000.0,2021.0,53587,223389,4.12,8,1.19,9.95,44.8,33.9,3.57,,6.31,6.79,['school_score'],"['DOR_Income_EQV_Per_Capita.xlsx', 'Google Distance Matrix', 'SRS Crime Rates CSV', 'housing_price_data.txt']","['North Shore / northeast suburbs', 'low crime']",partial,False,,north_shore
Georgetown,North Shore / northeast suburbs,Essex,8558,610000.0,2021.0,63856,235052,4.9,46,5.47,8.14,39.5,30.5,5.2,3.57,5.54,5.54,[],"['DOR_Income_EQV_Per_Capita.xlsx', 'Google Distance Matrix', 'MA_Public_Schools_2017.csv', 'SRS Crime Rates CSV', 'housing_price_data.txt']","['North Shore / northeast suburbs', 'low crime']",full,False,,north_shore
Boxford,North Shore / northeast suburbs,Essex,8334,875000.0,2021.0,108467,346512,8.44,16,1.97,9.9,33.9,25.79,6.61,8.99,1.68,7.25,[],"['DOR_Income_EQV_Per_Capita.xlsx', 'Google Distance Matrix', 'MA_Public_Schools_2017.csv', 'SRS Crime Rates CSV', 'housing_price_data.txt']","['North Shore / northeast suburbs', 'strong schools', 'low crime', 'higher income area', 'family-friendly']",full,False,,north_shore
Middleton,North Shore / northeast suburbs,Essex,9959,886000.0,2021.0,78211,342756,7.72,62,6.21,7.34,32.3,21.87,7.14,,1.48,5.51,['school_score'],"['DOR_Income_EQV_Per_Capita.xlsx', 'Google Distance Matrix', 'SRS Crime Rates CSV', 'housing_price_data.txt']","['North Shore / northeast suburbs', 'low crime', 'short commute', 'higher income area']",partial,False,,north_shore
Topsfield,North Shore / northeast suburbs,Essex,6620,787500.0,2021.0,95770,317918,7.94,27,4.15,9.15,35.5,23.72,6.18,,2.89,6.66,['school_score'],"['DOR_Income_EQV_Per_Capita.xlsx', 'Google Distance Matrix', 'SRS Crime Rates CSV', 'housing_price_data.txt']","['North Shore / northeast suburbs', 'low crime', 'higher income area']",partial,False,,north_shore
Hamilton,North Shore / northeast suburbs,Essex,7670,778200.0,2021.0,101901,307318,7.86,28,3.72,9.32,43.1,28.58,4.15,,3.02,6.73,['school_score'],"['DOR_Income_EQV_Per_Capita.xlsx', 'Google Distance Matrix', 'SRS Crime Rates CSV', 'housing_price_data.txt']","['North Shore / northeast suburbs', 'low crime', 'higher income area']",partial,False,,north_shore
Wenham,North Shore / northeast suburbs,Essex,4945,865000.0,2021.0,97669,280553,7.38,29,5.86,7.59,36.9,25.24,5.98,,1.88,5.62,['school_score'],"['DOR_Income_EQV_Per_Capita.xlsx', 'Google Distance Matrix', 'SRS Crime Rates CSV', 'housing_price_data.txt']","['North Shore / northeast suburbs', 'low crime', 'higher income area']",partial,False,,north_shore
Manchester-by-the-Sea,North Shore / northeast suburbs,Essex,5467,985000.0,2021.0,171950,658166,9.85,23,4.29,9.05,41.5,31.28,4.72,6.79,1.28,6.74,[],"['DOR_Income_EQV_Per_Capita.xlsx', 'Google Distance Matrix', 'MA_Public_Schools_2017.csv', 'SRS Crime Rates CSV', 'housing_price_data.txt']","['North Shore / northeast suburbs', 'coastal', 'low crime', 'higher income area']",full,True,curated,north_shore
Essex,North Shore / northeast suburbs,Essex,3760,777500.0,2021.0,78483,368553,7.94,35,9.52,5.18,45.0,33.75,3.39,,3.09,5.4,['school_score'],"['DOR_Income_EQV_Per_Capita.xlsx', 'Google Distance Matrix', 'SRS Crime Rates CSV', 'housing_price_data.txt']","['North Shore / northeast suburbs', 'coastal', 'higher income area']",partial,True,curated,north_shore
Gloucester,North Shore / northeast suburbs,Essex,30491,600000.0,2021.0,51424,368307,6.08,395,13.17,3.97,44.8,36.32,3.57,3.66,5.94,4.91,[],"['DOR_Income_EQV_Per_Capita.xlsx', 'Google Distance Matrix', 'MA_Public_Schools_2017.csv', 'SRS Crime Rates CSV', 'housing_price_data.txt']","['North Shore / northeast suburbs', 'coastal']",full,True,curated,north_shore
Rockport,North Shore / northeast suburbs,Essex,7091,808500.0,2021.0,62753,487008,7.49,27,3.9,9.2,51.8,40.05,1.76,7.2,2.68,6.64,[],"['DOR_Income_EQV_Per_Capita.xlsx', 'Google Distance Matrix', 'MA_Public_Schools_2017.csv', 'SRS Crime Rates CSV', 'housing_price_data.txt']","['North Shore / northeast suburbs', 'coastal', 'strong schools', 'low crime', 'higher income area']",full,True,curated,north_shore
Ipswich,North Shore / northeast suburbs,Essex,14110,770000.0,2021.0,74292,343304,7.52,79,5.67,7.89,45.3,30.19,3.17,4.35,3.22,5.74,[],"['DOR_Income_EQV_Per_Capita.xlsx', 'Google Distance Matrix', 'MA_Public_Schools_2017.csv', 'SRS Crime Rates CSV', 'housing_price_data.txt']","['North Shore / northeast suburbs', 'coastal', 'low crime', 'higher income area']",full,True,curated,north_shore
Rowley,North Shore / northeast suburbs,Essex,6334,718500.0,2021.0,62574,287466,6.08,1,0.16,10.0,44.5,33.86,3.67,,3.89,6.66,['school_score'],"['DOR_Income_EQV_Per_Capita.xlsx', 'Google Distance Matrix', 'SRS Crime Rates CSV', 'housing_price_data.txt']","['North Shore / northeast suburbs', 'coastal', 'low crime']",partial,True,curated,north_shore
Newbury,North Shore / northeast suburbs,Essex,6880,761000.0,2021.0,85166,406831,8.34,51,7.6,6.13,50.1,37.32,2.16,,3.36,5.94,['school_score'],"['DOR_Income_EQV_Per_Capita.xlsx', 'Google Distance Matrix', 'SRS Crime Rates CSV', 'housing_price_data.txt']","['North Shore / northeast suburbs', 'coastal', 'higher income area']",partial,True,curated,north_shore
Newburyport,North Shore / northeast suburbs,Essex,19163,850000.0,2021.0,79681,386683,8.17,144,7.61,6.08,47.7,37.92,2.56,5.42,2.01,5.42,[],"['DOR_Income_EQV_Per_Capita.xlsx', 'Google Distance Matrix', 'MA_Public_Schools_2017.csv', 'SRS Crime Rates CSV', 'housing_price_data.txt']","['North Shore / northeast suburbs', 'coastal', 'higher income area']",full,True,curated,north_shore
West Newbury,North Shore / northeast suburbs,Essex,4680,825000.0,2021.0,85332,331018,7.89,26,5.64,7.96,46.6,37.81,2.91,6.61,2.45,6.23,[],"['DOR_Income_EQV_Per_Capita.xlsx', 'Google Distance Matrix', 'MA_Public_Schools_2017.csv', 'SRS Crime Rates CSV', 'housing_price_data.txt']","['North Shore / northeast suburbs', 'low crime', 'higher income area']",full,False,,north_shore
Amesbury,North Shore / northeast suburbs,Essex,17617,525000.0,2021.0,48641,223185,3.5,251,14.63,3.17,48.4,40.49,2.41,1.37,7.62,3.92,[],"['DOR_Income_EQV_Per_Capita.xlsx', 'Google Distance Matrix', 'MA_Public_Schools_2017.csv', 'SRS Crime Rates CSV', 'housing_price_data.txt']","['North Shore / northeast suburbs', 'more affordable']",full,False,,north_shore
Salisbury,North Shore / northeast suburbs,Essex,9415,500000.0,2021.0,42733,290038,4.3,131,14.23,3.47,49.0,41.36,2.21,,7.92,5.23,['school_score'],"['DOR_Income_EQV_Per_Capita.xlsx', 'Google Distance Matrix', 'SRS Crime Rates CSV', 'housing_price_data.txt']","['North Shore / northeast suburbs', 'coastal', 'more affordable']",partial,True,curated,north_shore
Merrimac,North Shore / northeast suburbs,Essex,6810,577750.0,2021.0,52905,209993,3.67,25,3.72,9.32,45.0,42.54,3.39,,6.38,6.46,['school_score'],"['DOR_Income_EQV_Per_Capita.xlsx', 'Google Distance Matrix', 'SRS Crime Rates CSV', 'housing_price_data.txt']","['North Shore / northeast suburbs', 'low crime']",partial,False,,north_shore
Bedford,Northwest / Middlesex / Route 2 / 495 belt,Middlesex,14955,835000.0,2021.0,87571,379474,8.34,81,5.74,7.74,28.9,21.35,7.94,8.75,2.25,6.77,[],"['DOR_Income_EQV_Per_Capita.xlsx', 'Google Distance Matrix', 'MA_Public_Schools_2017.csv', 'SRS Crime Rates CSV', 'housing_price_data.txt']","['Northwest / Middlesex / Route 2 / 495 belt', 'strong schools', 'low crime', 'short commute', 'higher income area']",full,False,,northwest_route_2_495
Lincoln,Northwest / Middlesex / Route 2 / 495 belt,Middlesex,6996,1458750.0,2021.0,159009,436541,9.35,23,3.38,9.45,31.1,24.09,7.39,7.14,0.54,6.62,[],"['DOR_Income_EQV_Per_Capita.xlsx', 'Google Distance Matrix', 'MA_Public_Schools_2017.csv', 'SRS Crime Rates CSV', 'housing_price_data.txt']","['Northwest / Middlesex / Route 2 / 495 belt', 'strong schools', 'low crime', 'short commute', 'higher income area']",full,False,,northwest_route_2_495
Concord,Northwest / Middlesex / Route 2 / 495 belt,Middlesex,18092,1475000.0,2021.0,170977,553048,9.75,141,7.91,5.93,29.1,23.4,7.89,9.29,0.47,6.36,[],"['DOR_Income_EQV_Per_Capita.xlsx', 'Google Distance Matrix', 'MA_Public_Schools_2017.csv', 'SRS Crime Rates CSV', 'housing_price_data.txt']","['Northwest / Middlesex / Route 2 / 495 belt', 'strong schools', 'short commute', 'higher income area']",full,False,,northwest_route_2_495
Carlisle,Northwest / Middlesex / Route 2 / 495 belt,Middlesex,5317,1300000.0,2021.0,147135,470858,9.4,25,4.87,8.52,39.0,26.16,5.38,,0.87,6.26,['school_score'],"['DOR_Income_EQV_Per_Capita.xlsx', 'Google Distance Matrix', 'SRS Crime Rates CSV', 'housing_price_data.txt']","['Northwest / Middlesex / Route 2 / 495 belt', 'low crime', 'higher income area']",partial,False,,northwest_route_2_495
Acton,Northwest / Middlesex / Route 2 / 495 belt,Middlesex,24539,814500.0,2021.0,86470,278538,7.16,152,6.37,7.24,37.5,28.48,5.75,8.63,2.62,6.41,[],"['DOR_Income_EQV_Per_Capita.xlsx', 'Google Distance Matrix', 'MA_Public_Schools_2017.csv', 'SRS Crime Rates CSV', 'housing_price_data.txt']","['Northwest / Middlesex / Route 2 / 495 belt', 'strong schools', 'low crime', 'higher income area']",full,False,,northwest_route_2_495
Boxborough,Northwest / Middlesex / Route 2 / 495 belt,Middlesex,5565,882500.0,2021.0,79592,314985,7.46,31,5.75,7.69,45.1,32.33,3.27,,1.61,5.59,['school_score'],"['DOR_Income_EQV_Per_Capita.xlsx', 'Google Distance Matrix', 'SRS Crime Rates CSV', 'housing_price_data.txt']","['Northwest / Middlesex / Route 2 / 495 belt', 'low crime', 'higher income area']",partial,False,,northwest_route_2_495
Littleton,Northwest / Middlesex / Route 2 / 495 belt,Middlesex,10495,605000.0,2021.0,72357,304990,6.78,60,5.89,7.51,43.6,34.9,3.94,3.75,5.74,5.94,[],"['DOR_Income_EQV_Per_Capita.xlsx', 'Google Distance Matrix', 'MA_Public_Schools_2017.csv', 'SRS Crime Rates CSV', 'housing_price_data.txt']","['Northwest / Middlesex / Route 2 / 495 belt', 'low crime']",full,False,,northwest_route_2_495
Westford,Northwest / Middlesex / Route 2 / 495 belt,Middlesex,25024,745000.0,2021.0,82930,285743,7.21,117,4.82,8.69,40.9,35.41,4.82,8.57,3.56,7.01,[],"['DOR_Income_EQV_Per_Capita.xlsx', 'Google Distance Matrix', 'MA_Public_Schools_2017.csv', 'SRS Crime Rates CSV', 'housing_price_data.txt']","['Northwest / Middlesex / Route 2 / 495 belt', 'strong schools', 'low crime', 'higher income area', 'family-friendly']",full,False,,northwest_route_2_495
Chelmsford,Northwest / Middlesex / Route 2 / 495 belt,Middlesex,36953,585000.0,2021.0,70664,250855,5.76,539,15.05,2.91,35.7,29.99,6.03,2.29,6.21,4.29,[],"['DOR_Income_EQV_Per_Capita.xlsx', 'Google Distance Matrix', 'MA_Public_Schools_2017.csv', 'SRS Crime Rates CSV', 'housing_price_data.txt']",['Northwest / Middlesex / Route 2 / 495 belt'],full,False,,northwest_route_2_495
Lowell,Northwest / Middlesex / Route 2 / 495 belt,Middlesex,120418,420000.0,2021.0,27486,114353,0.32,3732,32.99,0.3,40.0,31.38,5.03,0.06,9.73,2.6,[],"['DOR_Income_EQV_Per_Capita.xlsx', 'Google Distance Matrix', 'MA_Public_Schools_2017.csv', 'SRS Crime Rates CSV', 'housing_price_data.txt']","['Northwest / Middlesex / Route 2 / 495 belt', 'more affordable']",full,False,,northwest_route_2_495
Dracut,Northwest / Middlesex / Route 2 / 495 belt,Middlesex,32972,485000.0,2021.0,44670,180863,1.81,358,11.2,4.52,42.1,32.89,4.52,1.67,8.32,4.08,[],"['DOR_Income_EQV_Per_Capita.xlsx', 'Google Distance Matrix', 'MA_Public_Schools_2017.csv', 'SRS Crime Rates CSV', 'housing_price_data.txt']","['Northwest / Middlesex / Route 2 / 495 belt', 'more affordable']",full,False,,northwest_route_2_495
Tewksbury,Northwest / Middlesex / Route 2 / 495 belt,Middlesex,31796,577000.0,2021.0,52132,242202,4.35,557,18.12,2.01,32.0,24.44,7.19,6.25,6.48,4.77,[],"['DOR_Income_EQV_Per_Capita.xlsx', 'Google Distance Matrix', 'MA_Public_Schools_2017.csv', 'SRS Crime Rates CSV', 'housing_price_data.txt']","['Northwest / Middlesex / Route 2 / 495 belt', 'short commute']",full,False,,northwest_route_2_495
Billerica,Northwest / Middlesex / Route 2 / 495 belt,Middlesex,42978,577000.0,2021.0,51629,261494,4.75,400,9.7,5.08,32.4,25.19,7.09,6.99,6.48,5.82,[],"['DOR_Income_EQV_Per_Capita.xlsx', 'Google Distance Matrix', 'MA_Public_Schools_2017.csv', 'SRS Crime Rates CSV', 'housing_price_data.txt']","['Northwest / Middlesex / Route 2 / 495 belt', 'short commute']",full,False,,northwest_route_2_495
Tyngsborough,Northwest / Middlesex / Route 2 / 495 belt,Middlesex,12779,550500.0,2021.0,52345,224466,4.02,130,10.48,4.77,42.8,38.15,4.32,4.88,7.05,5.18,[],"['DOR_Income_EQV_Per_Capita.xlsx', 'Google Distance Matrix', 'MA_Public_Schools_2017.csv', 'SRS Crime Rates CSV', 'housing_price_data.txt']","['Northwest / Middlesex / Route 2 / 495 belt', 'more affordable']",full,False,,northwest_route_2_495
Dunstable,Northwest / Middlesex / Route 2 / 495 belt,Middlesex,3500,670000.0,2021.0,71129,245939,5.65,19,5.64,7.96,44.8,39.44,3.57,,4.53,6.05,['school_score'],"['DOR_Income_EQV_Per_Capita.xlsx', 'Google Distance Matrix', 'SRS Crime Rates CSV', 'housing_price_data.txt']","['Northwest / Middlesex / Route 2 / 495 belt', 'low crime']",partial,False,,northwest_route_2_495
Groton,Northwest / Middlesex / Route 2 / 495 belt,Middlesex,11580,670000.0,2021.0,87629,251682,6.71,35,3.14,9.6,52.9,42.53,1.56,9.76,4.53,7.65,[],"['DOR_Income_EQV_Per_Capita.xlsx', 'Google Distance Matrix', 'MA_Public_Schools_2017.csv', 'SRS Crime Rates CSV', 'housing_price_data.txt']","['Northwest / Middlesex / Route 2 / 495 belt', 'strong schools', 'low crime', 'family-friendly']",full,False,,northwest_route_2_495
Pepperell,Northwest / Middlesex / Route 2 / 495 belt,Middlesex,11877,480000.0,2021.0,51009,178034,2.62,101,8.65,5.48,55.4,45.22,1.36,2.29,8.49,4.72,[],"['DOR_Income_EQV_Per_Capita.xlsx', 'Google Distance Matrix', 'MA_Public_Schools_2017.csv', 'SRS Crime Rates CSV', 'housing_price_data.txt']","['Northwest / Middlesex / Route 2 / 495 belt', 'more affordable']",full,False,,northwest_route_2_495
Ayer,Northwest / Middlesex / Route 2 / 495 belt,Middlesex,9010,450000.0,2021.0,46946,212082,3.04,122,14.47,3.29,50.8,40.6,1.96,3.87,9.3,4.88,[],"['DOR_Income_EQV_Per_Capita.xlsx', 'Google Distance Matrix', 'MA_Public_Schools_2017.csv', 'SRS Crime Rates CSV', 'housing_price_data.txt']","['Northwest / Middlesex / Route 2 / 495 belt', 'more affordable']",full,False,,northwest_route_2_495
Shirley,Northwest / Middlesex / Route 2 / 495 belt,Middlesex,7042,454475.0,2021.0,40056,153924,0.86,54,8.19,5.83,53.1,43.4,1.48,,9.19,5.29,['school_score'],"['DOR_Income_EQV_Per_Capita.xlsx', 'Google Distance Matrix', 'SRS Crime Rates CSV', 'housing_price_data.txt']","['Northwest / Middlesex / Route 2 / 495 belt', 'more affordable']",partial,False,,northwest_route_2_495
Harvard,Northwest / Middlesex / Route 2 / 495 belt,Worcester,7004,800000.0,2021.0,79350,274261,6.81,18,2.6,9.8,47.2,38.85,2.76,6.67,2.79,6.52,[],"['DOR_Income_EQV_Per_Capita.xlsx', 'Google Distance Matrix', 'MA_Public_Schools_2017.csv', 'SRS Crime Rates CSV', 'housing_price_data.txt']","['Northwest / Middlesex / Route 2 / 495 belt', 'low crime']",full,False,,northwest_route_2_495
Stow,Northwest / Middlesex / Route 2 / 495 belt,Middlesex,7335,666000.0,2021.0,86756,286885,7.41,48,6.85,6.68,45.4,28.68,3.12,2.53,4.63,5.31,[],"['DOR_Income_EQV_Per_Capita.xlsx', 'Google Distance Matrix', 'MA_Public_Schools_2017.csv', 'SRS Crime Rates CSV', 'housing_price_data.txt']","['Northwest / Middlesex / Route 2 / 495 belt', 'higher income area']",full,False,,northwest_route_2_495
Maynard,Northwest / Middlesex / Route 2 / 495 belt,Middlesex,10820,497000.0,2021.0,53406,205791,3.62,179,17.05,2.41,41.7,29.18,4.67,3.39,8.12,4.38,[],"['DOR_Income_EQV_Per_Capita.xlsx', 'Google Distance Matrix', 'MA_Public_Schools_2017.csv', 'SRS Crime Rates CSV', 'housing_price_data.txt']","['Northwest / Middlesex / Route 2 / 495 belt', 'more affordable']",full,False,,northwest_route_2_495
Sudbury,Northwest / Middlesex / Route 2 / 495 belt,Middlesex,19805,1024500.0,2021.0,125429,383932,8.84,88,4.61,8.89,32.5,22.16,7.01,9.17,1.14,7.01,[],"['DOR_Income_EQV_Per_Capita.xlsx', 'Google Distance Matrix', 'MA_Public_Schools_2017.csv', 'SRS Crime Rates CSV', 'housing_price_data.txt']","['Northwest / Middlesex / Route 2 / 495 belt', 'strong schools', 'low crime', 'short commute', 'higher income area', 'family-friendly']",full,False,,northwest_route_2_495
Wayland,Northwest / Middlesex / Route 2 / 495 belt,Middlesex,14054,1000000.0,2021.0,156292,410061,9.17,93,6.84,6.73,27.1,18.9,8.29,10.0,1.21,6.78,[],"['DOR_Income_EQV_Per_Capita.xlsx', 'Google Distance Matrix', 'MA_Public_Schools_2017.csv', 'SRS Crime Rates CSV', 'housing_price_data.txt']","['Northwest / Middlesex / Route 2 / 495 belt', 'strong schools', 'short commute', 'higher income area']",full,False,,northwest_route_2_495
Hudson,Northwest / Middlesex / Route 2 / 495 belt,Middlesex,20364,505000.0,2021.0,49620,210492,3.3,193,9.81,4.97,43.0,39.22,4.22,1.25,7.72,4.31,[],"['DOR_Income_EQV_Per_Capita.xlsx', 'Google Distance Matrix', 'MA_Public_Schools_2017.csv', 'SRS Crime Rates CSV', 'housing_price_data.txt']","['Northwest / Middlesex / Route 2 / 495 belt', 'more affordable']",full,False,,northwest_route_2_495
Marlborough,Northwest / Middlesex / Route 2 / 495 belt,Middlesex,42169,480000.0,2021.0,43158,216581,2.66,864,21.19,1.46,38.8,30.39,5.48,3.15,8.49,3.94,[],"['DOR_Income_EQV_Per_Capita.xlsx', 'Google Distance Matrix', 'MA_Public_Schools_2017.csv', 'SRS Crime Rates CSV', 'housing_price_data.txt']","['Northwest / Middlesex / Route 2 / 495 belt', 'more affordable']",full,False,,northwest_route_2_495
Bolton,Northwest / Middlesex / Route 2 / 495 belt,Worcester,5809,,,91886,295354,7.56,40,6.92,6.63,43.9,41.74,3.82,5.83,,6.67,"['home_price_year', 'latest_home_price']","['DOR_Income_EQV_Per_Capita.xlsx', 'Google Distance Matrix', 'MA_Public_Schools_2017.csv', 'SRS Crime Rates CSV']","['Northwest / Middlesex / Route 2 / 495 belt', 'higher income area']",partial,False,,northwest_route_2_495
Berlin,Northwest / Middlesex / Route 2 / 495 belt,Worcester,3479,,,77907,303755,7.14,27,5.68,7.84,41.8,40.0,4.62,,,7.49,"['home_price_year', 'latest_home_price', 'school_score']","['DOR_Income_EQV_Per_Capita.xlsx', 'Google Distance Matrix', 'SRS Crime Rates CSV']","['Northwest / Middlesex / Route 2 / 495 belt', 'low crime', 'higher income area', 'family-friendly']",partial,False,,northwest_route_2_495
Clinton,Northwest / Middlesex / Route 2 / 495 belt,Worcester,15740,,,37609,149712,0.73,43,2.76,9.65,51.6,46.2,1.81,3.27,,4.55,"['home_price_year', 'latest_home_price']","['DOR_Income_EQV_Per_Capita.xlsx', 'Google Distance Matrix', 'MA_Public_Schools_2017.csv', 'SRS Crime Rates CSV']","['Northwest / Middlesex / Route 2 / 495 belt', 'low crime']",partial,False,,northwest_route_2_495
Lancaster,Northwest / Middlesex / Route 2 / 495 belt,Worcester,8993,,,44043,166510,1.61,97,11.54,4.37,50.5,45.99,2.01,4.05,,3.34,"['home_price_year', 'latest_home_price']","['DOR_Income_EQV_Per_Capita.xlsx', 'Google Distance Matrix', 'MA_Public_Schools_2017.csv', 'SRS Crime Rates CSV']",['Northwest / Middlesex / Route 2 / 495 belt'],partial,False,,northwest_route_2_495
Sterling,Northwest / Middlesex / Route 2 / 495 belt,Worcester,8310,,,58549,221943,4.38,50,6.06,7.44,58.8,50.7,0.85,2.8,,4.87,"['home_price_year', 'latest_home_price']","['DOR_Income_EQV_Per_Capita.xlsx', 'Google Distance Matrix', 'MA_Public_Schools_2017.csv', 'SRS Crime Rates CSV']","['Northwest / Middlesex / Route 2 / 495 belt', 'low crime']",partial,False,,northwest_route_2_495
Natick,MetroWest,Middlesex,37316,738250.0,2021.0,77821,338770,7.59,631,17.48,2.36,31.7,22.23,7.24,9.35,3.69,5.75,[],"['DOR_Income_EQV_Per_Capita.xlsx', 'Google Distance Matrix', 'MA_Public_Schools_2017.csv', 'SRS Crime Rates CSV', 'housing_price_data.txt']","['MetroWest', 'strong schools', 'short commute', 'higher income area']",full,False,,metrowest
Framingham,MetroWest,Middlesex,73361,575000.0,2021.0,46614,209780,2.89,1238,17.53,2.31,29.4,21.36,7.81,2.74,6.64,3.65,[],"['DOR_Income_EQV_Per_Capita.xlsx', 'Google Distance Matrix', 'MA_Public_Schools_2017.csv', 'SRS Crime Rates CSV', 'housing_price_data.txt']","['MetroWest', 'short commute']",full,False,,metrowest
Ashland,MetroWest,Middlesex,19391,562500.0,2021.0,64835,236070,5.08,185,10.08,4.87,34.1,27.46,6.53,9.58,6.71,6.56,[],"['DOR_Income_EQV_Per_Capita.xlsx', 'Google Distance Matrix', 'MA_Public_Schools_2017.csv', 'SRS Crime Rates CSV', 'housing_price_data.txt']","['MetroWest', 'strong schools']",full,False,,metrowest
Sherborn,MetroWest,Middlesex,4485,1053000.0,2021.0,352250,421076,9.42,12,2.75,9.7,34.7,24.07,6.33,,1.01,6.71,['school_score'],"['DOR_Income_EQV_Per_Capita.xlsx', 'Google Distance Matrix', 'SRS Crime Rates CSV', 'housing_price_data.txt']","['MetroWest', 'low crime', 'higher income area']",partial,False,,metrowest
Dover,MetroWest,Norfolk,6057,1499000.0,2021.0,264727,595230,9.88,41,6.99,6.48,31.4,18.1,7.31,7.38,0.4,6.04,[],"['DOR_Income_EQV_Per_Capita.xlsx', 'Google Distance Matrix', 'MA_Public_Schools_2017.csv', 'SRS Crime Rates CSV', 'housing_price_data.txt']","['MetroWest', 'strong schools', 'short commute', 'higher income area']",full,False,,metrowest
Holliston,MetroWest,Middlesex,15347,615000.0,2021.0,72144,259860,6.03,57,3.84,9.25,42.2,28.27,4.45,5.12,5.37,6.44,[],"['DOR_Income_EQV_Per_Capita.xlsx', 'Google Distance Matrix', 'MA_Public_Schools_2017.csv', 'SRS Crime Rates CSV', 'housing_price_data.txt']","['MetroWest', 'low crime']",full,False,,metrowest
Hopkinton,MetroWest,Middlesex,19971,871000.0,2021.0,98303,338789,8.22,96,4.91,8.44,37.2,33.98,5.83,7.8,1.74,6.55,[],"['DOR_Income_EQV_Per_Capita.xlsx', 'Google Distance Matrix', 'MA_Public_Schools_2017.csv', 'SRS Crime Rates CSV', 'housing_price_data.txt']","['MetroWest', 'strong schools', 'low crime', 'higher income area']",full,False,,metrowest
Southborough,MetroWest,Worcester,10569,825000.0,2021.0,127127,359839,8.7,38,3.64,9.4,31.4,26.88,7.31,3.66,2.45,6.05,[],"['DOR_Income_EQV_Per_Capita.xlsx', 'Google Distance Matrix', 'MA_Public_Schools_2017.csv', 'SRS Crime Rates CSV', 'housing_price_data.txt']","['MetroWest', 'low crime', 'short commute', 'higher income area']",full,False,,metrowest
Westborough,MetroWest,Worcester,22643,,,67279,282781,6.2,398,18.45,1.96,39.5,31.9,5.2,9.52,,5.89,"['home_price_year', 'latest_home_price']","['DOR_Income_EQV_Per_Capita.xlsx', 'Google Distance Matrix', 'MA_Public_Schools_2017.csv', 'SRS Crime Rates CSV']","['MetroWest', 'strong schools']",partial,False,,metrowest
Northborough,MetroWest,Worcester,15867,,,75270,286197,6.86,90,5.73,7.79,42.0,36.86,4.57,3.33,,5.99,"['home_price_year', 'latest_home_price']","['DOR_Income_EQV_Per_Capita.xlsx', 'Google Distance Matrix', 'MA_Public_Schools_2017.csv', 'SRS Crime Rates CSV']","['MetroWest', 'low crime']",partial,False,,metrowest
Shrewsbury,MetroWest,Worcester,39620,,,73712,231110,5.52,341,8.39,5.78,46.6,37.3,2.91,8.87,,6.72,"['home_price_year', 'latest_home_price']","['DOR_Income_EQV_Per_Capita.xlsx', 'Google Distance Matrix', 'MA_Public_Schools_2017.csv', 'SRS Crime Rates CSV']","['MetroWest', 'strong schools']",partial,False,,metrowest
Grafton,MetroWest,Worcester,20352,,,64906,203370,4.27,97,4.86,8.59,46.6,42.85,2.91,2.68,,5.18,"['home_price_year', 'latest_home_price']","['DOR_Income_EQV_Per_Capita.xlsx', 'Google Distance Matrix', 'MA_Public_Schools_2017.csv', 'SRS Crime Rates CSV']","['MetroWest', 'low crime']",partial,False,,metrowest
Upton,MetroWest,Worcester,8475,,,67417,230950,5.05,40,4.87,8.52,42.2,37.35,4.45,9.23,,7.6,"['home_price_year', 'latest_home_price']","['DOR_Income_EQV_Per_Capita.xlsx', 'Google Distance Matrix', 'MA_Public_Schools_2017.csv', 'SRS Crime Rates CSV']","['MetroWest', 'strong schools', 'low crime', 'family-friendly']",partial,False,,metrowest
Milford,MetroWest,Worcester,30640,460000.0,2021.0,40990,184322,1.54,597,19.75,1.81,43.6,38.62,3.94,2.08,9.09,3.63,[],"['DOR_Income_EQV_Per_Capita.xlsx', 'Google Distance Matrix', 'MA_Public_Schools_2017.csv', 'SRS Crime Rates CSV', 'housing_price_data.txt']","['MetroWest', 'more affordable']",full,False,,metrowest
Hopedale,MetroWest,Worcester,6063,,,53217,190565,3.14,41,6.8,6.81,48.5,40.04,2.34,4.7,,4.88,"['home_price_year', 'latest_home_price']","['DOR_Income_EQV_Per_Capita.xlsx', 'Google Distance Matrix', 'MA_Public_Schools_2017.csv', 'SRS Crime Rates CSV']",['MetroWest'],partial,False,,metrowest
Mendon,MetroWest,Worcester,6441,,,66023,243469,5.35,42,6.63,7.04,52.3,41.79,1.63,2.53,,4.97,"['home_price_year', 'latest_home_price']","['DOR_Income_EQV_Per_Capita.xlsx', 'Google Distance Matrix', 'MA_Public_Schools_2017.csv', 'SRS Crime Rates CSV']","['MetroWest', 'low crime']",partial,False,,metrowest
Bellingham,MetroWest,Norfolk,17998,400289.0,2021.0,45801,226491,3.22,285,16.06,2.66,47.3,43.67,2.66,0.24,10.0,4.03,[],"['DOR_Income_EQV_Per_Capita.xlsx', 'Google Distance Matrix', 'MA_Public_Schools_2017.csv', 'SRS Crime Rates CSV', 'housing_price_data.txt']","['MetroWest', 'more affordable']",full,False,,metrowest
Medway,MetroWest,Norfolk,13836,559000.0,2021.0,69807,262969,5.98,65,4.77,8.74,48.5,43.2,2.34,4.43,6.85,6.5,[],"['DOR_Income_EQV_Per_Capita.xlsx', 'Google Distance Matrix', 'MA_Public_Schools_2017.csv', 'SRS Crime Rates CSV', 'housing_price_data.txt']","['MetroWest', 'low crime']",full,False,,metrowest
Millis,MetroWest,Norfolk,9338,585000.0,2021.0,61956,238817,4.92,19,2.1,9.85,45.0,30.61,3.39,4.58,6.21,6.39,[],"['DOR_Income_EQV_Per_Capita.xlsx', 'Google Distance Matrix', 'MA_Public_Schools_2017.csv', 'SRS Crime Rates CSV', 'housing_price_data.txt']","['MetroWest', 'low crime']",full,False,,metrowest
Medfield,MetroWest,Norfolk,13334,835000.0,2021.0,111805,307851,8.02,60,4.52,8.94,39.1,27.8,5.3,9.82,2.25,7.26,[],"['DOR_Income_EQV_Per_Capita.xlsx', 'Google Distance Matrix', 'MA_Public_Schools_2017.csv', 'SRS Crime Rates CSV', 'housing_price_data.txt']","['MetroWest', 'strong schools', 'low crime', 'higher income area', 'family-friendly']",full,False,,metrowest
Norfolk,MetroWest,Norfolk,11962,700000.0,2021.0,73622,238099,5.68,65,5.59,8.04,27.2,18.52,8.22,,4.16,5.96,['school_score'],"['DOR_Income_EQV_Per_Capita.xlsx', 'Google Distance Matrix', 'SRS Crime Rates CSV', 'housing_price_data.txt']","['MetroWest', 'low crime', 'short commute']",partial,False,,metrowest
Franklin,MetroWest,Norfolk,33742,600000.0,2021.0,64589,253048,5.48,216,6.25,7.29,47.3,41.35,2.66,8.33,5.94,6.76,[],"['DOR_Income_EQV_Per_Capita.xlsx', 'Google Distance Matrix', 'MA_Public_Schools_2017.csv', 'SRS Crime Rates CSV', 'housing_price_data.txt']","['MetroWest', 'strong schools', 'low crime']",full,False,,metrowest
Wrentham,MetroWest,Norfolk,12516,600000.0,2021.0,73106,280753,6.56,296,23.35,0.95,39.9,31.17,5.08,9.05,5.94,5.62,[],"['DOR_Income_EQV_Per_Capita.xlsx', 'Google Distance Matrix', 'MA_Public_Schools_2017.csv', 'SRS Crime Rates CSV', 'housing_price_data.txt']","['MetroWest', 'strong schools']",full,False,,metrowest
Plainville,MetroWest,Norfolk,10067,535000.0,2021.0,51750,242275,4.34,269,27.19,0.65,42.8,37.05,4.32,,7.45,4.15,['school_score'],"['DOR_Income_EQV_Per_Capita.xlsx', 'Google Distance Matrix', 'SRS Crime Rates CSV', 'housing_price_data.txt']","['MetroWest', 'more affordable']",partial,False,,metrowest
Foxborough,MetroWest,Norfolk,18791,596450.0,2021.0,64808,241474,5.18,333,17.96,2.06,34.9,28.9,6.23,8.69,6.11,5.51,[],"['DOR_Income_EQV_Per_Capita.xlsx', 'Google Distance Matrix', 'MA_Public_Schools_2017.csv', 'SRS Crime Rates CSV', 'housing_price_data.txt']","['MetroWest', 'strong schools']",full,False,,metrowest
Walpole,MetroWest,Norfolk,26391,620000.0,2021.0,73347,280098,6.53,381,14.48,3.22,33.1,24.79,6.78,8.15,5.27,5.79,[],"['DOR_Income_EQV_Per_Capita.xlsx', 'Google Distance Matrix', 'MA_Public_Schools_2017.csv', 'SRS Crime Rates CSV', 'housing_price_data.txt']","['MetroWest', 'strong schools']",full,False,,metrowest
Norwood,MetroWest,Norfolk,31764,610000.0,2021.0,58355,259552,5.28,392,12.49,4.17,30.1,22.13,7.69,5.77,5.54,5.19,[],"['DOR_Income_EQV_Per_Capita.xlsx', 'Google Distance Matrix', 'MA_Public_Schools_2017.csv', 'SRS Crime Rates CSV', 'housing_price_data.txt']","['MetroWest', 'short commute']",full,False,,metrowest
Westwood,MetroWest,Norfolk,16533,1049000.0,2021.0,127497,440536,9.22,224,13.72,3.67,30.6,23.17,7.54,9.46,1.07,5.86,[],"['DOR_Income_EQV_Per_Capita.xlsx', 'Google Distance Matrix', 'MA_Public_Schools_2017.csv', 'SRS Crime Rates CSV', 'housing_price_data.txt']","['MetroWest', 'strong schools', 'short commute', 'higher income area']",full,False,,metrowest
Canton,MetroWest,Norfolk,25163,742500.0,2021.0,73374,328543,7.28,291,11.7,4.32,28.8,19.11,7.99,7.08,3.62,5.58,[],"['DOR_Income_EQV_Per_Capita.xlsx', 'Google Distance Matrix', 'MA_Public_Schools_2017.csv', 'SRS Crime Rates CSV', 'housing_price_data.txt']","['MetroWest', 'strong schools', 'short commute', 'higher income area']",full,False,,metrowest
Sharon,MetroWest,Norfolk,18762,675000.0,2021.0,85745,282934,7.26,62,3.36,9.5,29.8,23.85,7.74,9.7,4.43,7.72,[],"['DOR_Income_EQV_Per_Capita.xlsx', 'Google Distance Matrix', 'MA_Public_Schools_2017.csv', 'SRS Crime Rates CSV', 'housing_price_data.txt']","['MetroWest', 'strong schools', 'low crime', 'short commute', 'higher income area', 'family-friendly']",full,False,,metrowest
Stoughton,MetroWest,Norfolk,29457,500000.0,2021.0,42818,213313,2.62,584,20.14,1.61,30.8,20.41,7.49,5.3,7.92,4.36,[],"['DOR_Income_EQV_Per_Capita.xlsx', 'Google Distance Matrix', 'MA_Public_Schools_2017.csv', 'SRS Crime Rates CSV', 'housing_price_data.txt']","['MetroWest', 'short commute', 'more affordable']",full,False,,metrowest
Randolph,MetroWest,Norfolk,35114,472750.0,2021.0,34979,177494,1.0,584,17.83,2.11,25.0,15.69,8.47,0.77,8.72,3.15,[],"['DOR_Income_EQV_Per_Capita.xlsx', 'Google Distance Matrix', 'MA_Public_Schools_2017.csv', 'SRS Crime Rates CSV', 'housing_price_data.txt']","['MetroWest', 'short commute', 'more affordable']",full,False,,metrowest
Holbrook,MetroWest,Norfolk,11475,435350.0,2021.0,40811,183020,1.44,315,27.87,0.6,30.3,16.74,7.64,4.11,9.66,3.95,[],"['DOR_Income_EQV_Per_Capita.xlsx', 'Google Distance Matrix', 'MA_Public_Schools_2017.csv', 'SRS Crime Rates CSV', 'housing_price_data.txt']","['MetroWest', 'short commute', 'more affordable']",full,False,,metrowest
Avon,MetroWest,Norfolk,4801,450000.0,2021.0,44742,258259,3.8,101,21.29,1.41,25.2,19.95,8.39,3.51,9.3,4.5,[],"['DOR_Income_EQV_Per_Capita.xlsx', 'Google Distance Matrix', 'MA_Public_Schools_2017.csv', 'SRS Crime Rates CSV', 'housing_price_data.txt']","['MetroWest', 'short commute', 'more affordable']",full,False,,metrowest
Braintree,South Shore,Norfolk,39134,625500.0,2021.0,52904,264230,4.92,679,17.62,2.21,18.0,12.27,9.5,8.81,5.1,5.26,[],"['DOR_Income_EQV_Per_Capita.xlsx', 'Google Distance Matrix', 'MA_Public_Schools_2017.csv', 'SRS Crime Rates CSV', 'housing_price_data.txt']","['South Shore', 'strong schools', 'short commute']",full,False,,south_shore
Weymouth,South Shore,Norfolk,60159,535000.0,2021.0,45212,222981,2.99,862,14.93,3.02,23.8,16.18,8.54,3.99,7.45,4.36,[],"['DOR_Income_EQV_Per_Capita.xlsx', 'Google Distance Matrix', 'MA_Public_Schools_2017.csv', 'SRS Crime Rates CSV', 'housing_price_data.txt']","['South Shore', 'short commute', 'more affordable']",full,False,,south_shore
Hingham,South Shore,Plymouth,24414,1125000.0,2021.0,148511,433421,9.22,277,11.04,4.57,32.5,21.98,7.01,5.06,0.94,4.95,[],"['DOR_Income_EQV_Per_Capita.xlsx', 'Google Distance Matrix', 'MA_Public_Schools_2017.csv', 'SRS Crime Rates CSV', 'housing_price_data.txt']","['South Shore', 'coastal', 'short commute', 'higher income area']",full,True,curated,south_shore
Hull,South Shore,Plymouth,10278,555000.0,2021.0,56885,326525,6.28,113,10.64,4.65,48.0,22.48,2.49,3.1,6.98,5.25,[],"['DOR_Income_EQV_Per_Capita.xlsx', 'Google Distance Matrix', 'MA_Public_Schools_2017.csv', 'SRS Crime Rates CSV', 'housing_price_data.txt']","['South Shore', 'coastal']",full,True,curated,south_shore
Cohasset,South Shore,Norfolk,8532,1350000.0,2021.0,154676,496041,9.55,57,6.8,6.81,40.3,26.01,4.97,7.44,0.67,6.12,[],"['DOR_Income_EQV_Per_Capita.xlsx', 'Google Distance Matrix', 'MA_Public_Schools_2017.csv', 'SRS Crime Rates CSV', 'housing_price_data.txt']","['South Shore', 'coastal', 'strong schools', 'higher income area']",full,True,curated,south_shore
Scituate,South Shore,Plymouth,19598,800000.0,2021.0,92061,424255,8.64,55,2.74,9.75,39.1,28.79,5.3,8.39,2.79,7.39,[],"['DOR_Income_EQV_Per_Capita.xlsx', 'Google Distance Matrix', 'MA_Public_Schools_2017.csv', 'SRS Crime Rates CSV', 'housing_price_data.txt']","['South Shore', 'coastal', 'strong schools', 'low crime', 'higher income area', 'family-friendly']",full,True,curated,south_shore
Norwell,South Shore,Plymouth,11477,850000.0,2021.0,119269,373505,8.75,77,6.56,7.14,29.4,23.07,7.81,7.98,2.01,6.47,[],"['DOR_Income_EQV_Per_Capita.xlsx', 'Google Distance Matrix', 'MA_Public_Schools_2017.csv', 'SRS Crime Rates CSV', 'housing_price_data.txt']","['South Shore', 'strong schools', 'low crime', 'short commute', 'higher income area']",full,False,,south_shore
Hanover,South Shore,Plymouth,14887,677500.0,2021.0,75870,297875,7.01,195,12.7,4.07,32.6,23.0,6.91,6.07,4.36,5.38,[],"['DOR_Income_EQV_Per_Capita.xlsx', 'Google Distance Matrix', 'MA_Public_Schools_2017.csv', 'SRS Crime Rates CSV', 'housing_price_data.txt']","['South Shore', 'higher income area']",full,False,,south_shore
Rockland,South Shore,Plymouth,17708,440000.0,2021.0,39777,195738,1.71,244,13.35,3.82,30.9,21.55,7.44,3.04,9.53,4.53,[],"['DOR_Income_EQV_Per_Capita.xlsx', 'Google Distance Matrix', 'MA_Public_Schools_2017.csv', 'SRS Crime Rates CSV', 'housing_price_data.txt']","['South Shore', 'short commute', 'more affordable']",full,False,,south_shore
Abington,South Shore,Plymouth,17090,500000.0,2021.0,46123,191838,2.31,363,20.58,1.56,33.9,20.93,6.61,1.9,7.92,3.42,[],"['DOR_Income_EQV_Per_Capita.xlsx', 'Google Distance Matrix', 'MA_Public_Schools_2017.csv', 'SRS Crime Rates CSV', 'housing_price_data.txt']","['South Shore', 'more affordable']",full,False,,south_shore
Whitman,South Shore,Plymouth,15459,442500.0,2021.0,42535,173768,1.51,240,15.02,2.96,37.8,22.81,5.63,6.52,9.4,5.1,[],"['DOR_Income_EQV_Per_Capita.xlsx', 'Google Distance Matrix', 'MA_Public_Schools_2017.csv', 'SRS Crime Rates CSV', 'housing_price_data.txt']","['South Shore', 'more affordable']",full,False,,south_shore
Hanson,South Shore,Plymouth,10719,485000.0,2021.0,49839,197541,3.02,79,7.17,6.36,37.9,26.26,5.55,,8.32,5.9,['school_score'],"['DOR_Income_EQV_Per_Capita.xlsx', 'Google Distance Matrix', 'SRS Crime Rates CSV', 'housing_price_data.txt']","['South Shore', 'more affordable']",partial,False,,south_shore
Pembroke,South Shore,Plymouth,18428,535000.0,2021.0,56690,235707,4.57,116,6.09,7.39,37.7,29.66,5.68,8.93,7.45,7.08,[],"['DOR_Income_EQV_Per_Capita.xlsx', 'Google Distance Matrix', 'MA_Public_Schools_2017.csv', 'SRS Crime Rates CSV', 'housing_price_data.txt']","['South Shore', 'strong schools', 'low crime', 'more affordable', 'family-friendly']",full,False,,south_shore
Marshfield,South Shore,Plymouth,26043,627500.0,2021.0,68318,320638,6.86,112,4.18,9.1,35.6,28.91,6.11,4.64,4.97,6.39,[],"['DOR_Income_EQV_Per_Capita.xlsx', 'Google Distance Matrix', 'MA_Public_Schools_2017.csv', 'SRS Crime Rates CSV', 'housing_price_data.txt']","['South Shore', 'coastal', 'low crime']",full,True,curated,south_shore
Duxbury,South Shore,Plymouth,16377,885000.0,2021.0,113703,456388,9.12,83,4.94,8.39,39.7,33.33,5.13,9.4,1.54,7.11,[],"['DOR_Income_EQV_Per_Capita.xlsx', 'Google Distance Matrix', 'MA_Public_Schools_2017.csv', 'SRS Crime Rates CSV', 'housing_price_data.txt']","['South Shore', 'coastal', 'strong schools', 'low crime', 'higher income area', 'family-friendly']",full,True,curated,south_shore
Kingston,South Shore,Plymouth,14462,600000.0,2021.0,54094,237798,4.44,192,13.26,3.92,40.7,35.46,4.92,7.5,5.94,5.45,[],"['DOR_Income_EQV_Per_Capita.xlsx', 'Google Distance Matrix', 'MA_Public_Schools_2017.csv', 'SRS Crime Rates CSV', 'housing_price_data.txt']","['South Shore', 'coastal', 'strong schools']",full,True,curated,south_shore
Plymouth,South Shore,Plymouth,66663,500000.0,2021.0,49272,273527,4.65,1210,17.59,2.26,43.1,38.58,4.15,4.82,7.92,4.91,[],"['DOR_Income_EQV_Per_Capita.xlsx', 'Google Distance Matrix', 'MA_Public_Schools_2017.csv', 'SRS Crime Rates CSV', 'housing_price_data.txt']","['South Shore', 'coastal', 'more affordable']",full,True,curated,south_shore
Carver,South Shore,Plymouth,11817,465000.0,2021.0,40588,186979,1.48,107,8.83,5.43,51.2,46.85,1.86,6.01,8.99,5.48,[],"['DOR_Income_EQV_Per_Capita.xlsx', 'Google Distance Matrix', 'MA_Public_Schools_2017.csv', 'SRS Crime Rates CSV', 'housing_price_data.txt']","['South Shore', 'more affordable']",full,False,,south_shore
Plympton,South Shore,Plymouth,2964,557500.0,2021.0,53567,265185,5.05,35,11.49,4.42,48.0,41.11,2.49,,6.91,5.46,['school_score'],"['DOR_Income_EQV_Per_Capita.xlsx', 'Google Distance Matrix', 'SRS Crime Rates CSV', 'housing_price_data.txt']",['South Shore'],partial,False,,south_shore
Halifax,South Shore,Plymouth,7786,470000.0,2021.0,46544,192582,2.44,107,13.37,3.77,47.3,31.71,2.66,,8.79,5.0,['school_score'],"['DOR_Income_EQV_Per_Capita.xlsx', 'Google Distance Matrix', 'SRS Crime Rates CSV', 'housing_price_data.txt']","['South Shore', 'more affordable']",partial,False,,south_shore
East Bridgewater,South Shore,Plymouth,14519,467000.0,2021.0,45166,188414,2.08,100,6.71,6.93,40.9,31.41,4.82,2.2,8.93,5.04,[],"['DOR_Income_EQV_Per_Capita.xlsx', 'Google Distance Matrix', 'MA_Public_Schools_2017.csv', 'SRS Crime Rates CSV', 'housing_price_data.txt']","['South Shore', 'more affordable']",full,False,,south_shore
West Bridgewater,South Shore,Plymouth,7771,467500.0,2021.0,54184,231985,4.35,109,13.79,3.62,34.4,28.3,6.43,7.65,8.86,6.12,[],"['DOR_Income_EQV_Per_Capita.xlsx', 'Google Distance Matrix', 'MA_Public_Schools_2017.csv', 'SRS Crime Rates CSV', 'housing_price_data.txt']","['South Shore', 'strong schools', 'more affordable']",full,False,,south_shore
Bridgewater,South Shore,Plymouth,29167,525000.0,2021.0,42207,181691,1.61,118,12.8,4.02,40.9,31.02,4.82,6.43,7.62,4.92,[],"['DOR_Income_EQV_Per_Capita.xlsx', 'Google Distance Matrix', 'MA_Public_Schools_2017.csv', 'SRS Crime Rates CSV', 'housing_price_data.txt']","['South Shore', 'more affordable']",full,False,,south_shore
Brockton,South Shore,Plymouth,105788,405000.0,2021.0,27098,126449,0.3,3360,30.84,0.35,34.6,23.28,6.38,0.0,9.87,2.63,[],"['DOR_Income_EQV_Per_Capita.xlsx', 'Google Distance Matrix', 'MA_Public_Schools_2017.csv', 'SRS Crime Rates CSV', 'housing_price_data.txt']","['South Shore', 'more affordable']",full,False,,south_shore
Easton,South Shore,Bristol,25568,625000.0,2021.0,64748,212746,4.48,306,12.04,4.22,37.5,28.21,5.75,,5.17,4.62,['school_score'],"['DOR_Income_EQV_Per_Capita.xlsx', 'Google Distance Matrix', 'SRS Crime Rates CSV', 'housing_price_data.txt']",['South Shore'],partial,False,,south_shore
Raynham,South Shore,Bristol,15861,500000.0,2021.0,49678,213099,3.4,279,17.77,2.16,38.9,35.45,5.43,,7.92,4.49,['school_score'],"['DOR_Income_EQV_Per_Capita.xlsx', 'Google Distance Matrix', 'SRS Crime Rates CSV', 'housing_price_data.txt']","['South Shore', 'more affordable']",partial,False,,south_shore
Middleborough,South Shore,Plymouth,24847,436250.0,2021.0,40662,177922,1.31,433,17.0,2.46,43.4,39.54,4.07,5.0,9.6,4.59,[],"['DOR_Income_EQV_Per_Capita.xlsx', 'Google Distance Matrix', 'MA_Public_Schools_2017.csv', 'SRS Crime Rates CSV', 'housing_price_data.txt']","['South Shore', 'more affordable']",full,False,,south_shore
Lakeville,South Shore,Plymouth,12262,547525.0,2021.0,54553,247009,4.74,126,10.01,4.92,45.5,40.43,3.07,3.45,7.18,5.07,[],"['DOR_Income_EQV_Per_Capita.xlsx', 'Google Distance Matrix', 'MA_Public_Schools_2017.csv', 'SRS Crime Rates CSV', 'housing_price_data.txt']","['South Shore', 'more affordable']",full,False,,south_shore
Mansfield,Southeast / Route 24 / commuter edge,Bristol,24077,575500.0,2021.0,62350,240794,4.97,337,14.11,3.52,37.0,31.52,5.93,7.92,6.58,5.75,[],"['DOR_Income_EQV_Per_Capita.xlsx', 'Google Distance Matrix', 'MA_Public_Schools_2017.csv', 'SRS Crime Rates CSV', 'housing_price_data.txt']","['Southeast / Route 24 / commuter edge', 'strong schools']",full,False,,southeast_route_24
Norton,Southeast / Route 24 / commuter edge,Bristol,19392,495000.0,2021.0,47933,202329,2.86,89,4.65,8.84,42.8,36.9,4.32,4.52,8.19,6.1,[],"['DOR_Income_EQV_Per_Capita.xlsx', 'Google Distance Matrix', 'MA_Public_Schools_2017.csv', 'SRS Crime Rates CSV', 'housing_price_data.txt']","['Southeast / Route 24 / commuter edge', 'low crime', 'more affordable']",full,False,,southeast_route_24
Attleboro,Southeast / Route 24 / commuter edge,Bristol,47085,441000.0,2021.0,41996,160316,1.25,1086,23.19,1.01,43.9,37.91,3.82,0.6,9.46,3.08,[],"['DOR_Income_EQV_Per_Capita.xlsx', 'Google Distance Matrix', 'MA_Public_Schools_2017.csv', 'SRS Crime Rates CSV', 'housing_price_data.txt']","['Southeast / Route 24 / commuter edge', 'more affordable']",full,False,,southeast_route_24
North Attleborough,Southeast / Route 24 / commuter edge,Bristol,31210,,,50966,194982,3.04,432,13.9,3.57,43.9,38.05,3.82,2.86,,3.16,"['home_price_year', 'latest_home_price']","['DOR_Income_EQV_Per_Capita.xlsx', 'Google Distance Matrix', 'MA_Public_Schools_2017.csv', 'SRS Crime Rates CSV']",['Southeast / Route 24 / commuter edge'],partial,False,,southeast_route_24
Seekonk,Southeast / Route 24 / commuter edge,Bristol,15912,,,48467,222418,3.42,358,22.72,1.11,58.3,53.65,0.9,8.27,,4.27,"['home_price_year', 'latest_home_price']","['DOR_Income_EQV_Per_Capita.xlsx', 'Google Distance Matrix', 'MA_Public_Schools_2017.csv', 'SRS Crime Rates CSV']","['Southeast / Route 24 / commuter edge', 'strong schools']",partial,False,,southeast_route_24
Rehoboth,Southeast / Route 24 / commuter edge,Bristol,13537,,,57761,217627,4.25,78,5.85,7.64,60.8,46.59,0.5,0.83,,4.24,"['home_price_year', 'latest_home_price']","['DOR_Income_EQV_Per_Capita.xlsx', 'Google Distance Matrix', 'MA_Public_Schools_2017.csv', 'SRS Crime Rates CSV']","['Southeast / Route 24 / commuter edge', 'low crime']",partial,False,,southeast_route_24
Swansea,Southeast / Route 24 / commuter edge,Bristol,17537,,,42390,205437,2.28,234,13.42,3.72,57.2,51.76,1.18,6.9,,4.3,"['home_price_year', 'latest_home_price']","['DOR_Income_EQV_Per_Capita.xlsx', 'Google Distance Matrix', 'MA_Public_Schools_2017.csv', 'SRS Crime Rates CSV']",['Southeast / Route 24 / commuter edge'],partial,False,,southeast_route_24
Somerset,Southeast / Route 24 / commuter edge,Bristol,18375,,,40386,192236,1.63,242,13.29,3.87,57.4,47.71,1.11,7.65,,4.38,"['home_price_year', 'latest_home_price']","['DOR_Income_EQV_Per_Capita.xlsx', 'Google Distance Matrix', 'MA_Public_Schools_2017.csv', 'SRS Crime Rates CSV']","['Southeast / Route 24 / commuter edge', 'strong schools']",partial,False,,southeast_route_24
Dighton,Southeast / Route 24 / commuter edge,Bristol,8275,,,45606,187938,2.14,59,7.17,6.36,52.0,45.06,1.71,1.73,,3.41,"['home_price_year', 'latest_home_price']","['DOR_Income_EQV_Per_Capita.xlsx', 'Google Distance Matrix', 'MA_Public_Schools_2017.csv', 'SRS Crime Rates CSV']",['Southeast / Route 24 / commuter edge'],partial,False,,southeast_route_24
Taunton,Southeast / Route 24 / commuter edge,Bristol,61936,413150.0,2021.0,32523,155407,0.62,1188,19.68,1.86,45.0,37.63,3.39,2.95,9.8,3.81,[],"['DOR_Income_EQV_Per_Capita.xlsx', 'Google Distance Matrix', 'MA_Public_Schools_2017.csv', 'SRS Crime Rates CSV', 'housing_price_data.txt']","['Southeast / Route 24 / commuter edge', 'more affordable']",full,False,,southeast_route_24
Berkley,Southeast / Route 24 / commuter edge,Bristol,6892,,,51468,194745,3.06,54,7.9,5.98,45.2,40.78,3.22,0.71,,3.25,"['home_price_year', 'latest_home_price']","['DOR_Income_EQV_Per_Capita.xlsx', 'Google Distance Matrix', 'MA_Public_Schools_2017.csv', 'SRS Crime Rates CSV']",['Southeast / Route 24 / commuter edge'],partial,False,,southeast_route_24
Freetown,Southeast / Route 24 / commuter edge,Bristol,9380,,,46146,246148,3.74,144,15.51,2.81,52.3,46.52,1.63,,,3.28,"['home_price_year', 'latest_home_price', 'school_score']","['DOR_Income_EQV_Per_Capita.xlsx', 'Google Distance Matrix', 'SRS Crime Rates CSV']",['Southeast / Route 24 / commuter edge'],partial,False,,southeast_route_24
Fall River,Southeast / Route 24 / commuter edge,Bristol,94689,,,23335,107776,0.08,3637,38.74,0.15,53.6,50.66,1.41,0.42,,0.22,"['home_price_year', 'latest_home_price']","['DOR_Income_EQV_Per_Capita.xlsx', 'Google Distance Matrix', 'MA_Public_Schools_2017.csv', 'SRS Crime Rates CSV']","['Southeast / Route 24 / commuter edge', 'coastal']",partial,True,curated,southeast_route_24
New Bedford,Southeast / Route 24 / commuter edge,Bristol,101318,,,23310,109855,0.1,3742,37.1,0.2,63.0,57.85,0.35,0.65,,0.32,"['home_price_year', 'latest_home_price']","['DOR_Income_EQV_Per_Capita.xlsx', 'Google Distance Matrix', 'MA_Public_Schools_2017.csv', 'SRS Crime Rates CSV']","['Southeast / Route 24 / commuter edge', 'coastal']",partial,True,curated,southeast_route_24
Acushnet,Southeast / Route 24 / commuter edge,Bristol,10700,,,43749,184882,1.86,80,7.52,6.21,59.4,53.79,0.8,,,4.04,"['home_price_year', 'latest_home_price', 'school_score']","['DOR_Income_EQV_Per_Capita.xlsx', 'Google Distance Matrix', 'SRS Crime Rates CSV']","['Southeast / Route 24 / commuter edge', 'coastal']",partial,True,curated,southeast_route_24
Dartmouth,Southeast / Route 24 / commuter edge,Bristol,34139,,,47163,249460,3.96,787,22.74,1.06,60.0,56.88,0.63,5.36,,3.46,"['home_price_year', 'latest_home_price']","['DOR_Income_EQV_Per_Capita.xlsx', 'Google Distance Matrix', 'MA_Public_Schools_2017.csv', 'SRS Crime Rates CSV']","['Southeast / Route 24 / commuter edge', 'coastal']",partial,True,curated,southeast_route_24
Fairhaven,Southeast / Route 24 / commuter edge,Bristol,16005,,,38858,218656,2.26,235,14.82,3.07,63.8,60.12,0.25,6.79,,4.04,"['home_price_year', 'latest_home_price']","['DOR_Income_EQV_Per_Capita.xlsx', 'Google Distance Matrix', 'MA_Public_Schools_2017.csv', 'SRS Crime Rates CSV']","['Southeast / Route 24 / commuter edge', 'coastal']",partial,True,curated,southeast_route_24
Rochester,Southeast / Route 24 / commuter edge,Plymouth,5936,,,55216,267863,5.22,36,5.89,7.51,57.7,51.57,0.95,6.79,,6.51,"['home_price_year', 'latest_home_price']","['DOR_Income_EQV_Per_Capita.xlsx', 'Google Distance Matrix', 'MA_Public_Schools_2017.csv', 'SRS Crime Rates CSV']","['Southeast / Route 24 / commuter edge', 'coastal', 'low crime']",partial,True,curated,southeast_route_24
Mattapoisett,Southeast / Route 24 / commuter edge,Plymouth,6763,,,80037,419023,8.26,46,6.65,6.98,62.0,61.42,0.4,8.21,,7.82,"['home_price_year', 'latest_home_price']","['DOR_Income_EQV_Per_Capita.xlsx', 'Google Distance Matrix', 'MA_Public_Schools_2017.csv', 'SRS Crime Rates CSV']","['Southeast / Route 24 / commuter edge', 'coastal', 'strong schools', 'higher income area', 'family-friendly']",partial,True,curated,southeast_route_24
Marion,Southeast / Route 24 / commuter edge,Plymouth,5341,,,76116,496779,8.44,57,10.38,4.82,59.7,57.92,0.75,,,6.63,"['home_price_year', 'latest_home_price', 'school_score']","['DOR_Income_EQV_Per_Capita.xlsx', 'Google Distance Matrix', 'SRS Crime Rates CSV']","['Southeast / Route 24 / commuter edge', 'coastal', 'higher income area']",partial,True,curated,southeast_route_24
Wareham,Southeast / Route 24 / commuter edge,Plymouth,23526,,,32017,253043,2.89,498,20.69,1.51,56.0,53.29,1.31,0.18,,1.53,"['home_price_year', 'latest_home_price']","['DOR_Income_EQV_Per_Capita.xlsx', 'Google Distance Matrix', 'MA_Public_Schools_2017.csv', 'SRS Crime Rates CSV']","['Southeast / Route 24 / commuter edge', 'coastal']",partial,True,curated,southeast_route_24
Worcester,Worcester-area but still Boston-commutable for some,Worcester,211286,,,26358,113653,0.18,7179,34.83,0.25,50.3,45.73,2.11,1.96,,0.8,"['home_price_year', 'latest_home_price']","['DOR_Income_EQV_Per_Capita.xlsx', 'Google Distance Matrix', 'MA_Public_Schools_2017.csv', 'SRS Crime Rates CSV']",['Worcester-area but still Boston-commutable for some'],partial,False,,worcester_area
Auburn,Worcester-area but still Boston-commutable for some,Worcester,17323,,,43964,191195,2.04,336,20.04,1.71,46.9,46.3,2.81,5.54,,3.1,"['home_price_year', 'latest_home_price']","['DOR_Income_EQV_Per_Capita.xlsx', 'Google Distance Matrix', 'MA_Public_Schools_2017.csv', 'SRS Crime Rates CSV']",['Worcester-area but still Boston-commutable for some'],partial,False,,worcester_area
Millbury,Worcester-area but still Boston-commutable for some,Worcester,14173,,,45239,194882,2.31,313,22.29,1.26,45.9,44.31,3.02,7.32,,3.63,"['home_price_year', 'latest_home_price']","['DOR_Income_EQV_Per_Capita.xlsx', 'Google Distance Matrix', 'MA_Public_Schools_2017.csv', 'SRS Crime Rates CSV']","['Worcester-area but still Boston-commutable for some', 'strong schools']",partial,False,,worcester_area
Sutton,Worcester-area but still Boston-commutable for some,Worcester,9599,,,68076,251764,5.65,87,9.23,5.38,50.4,47.67,2.06,5.24,,5.42,"['home_price_year', 'latest_home_price']","['DOR_Income_EQV_Per_Capita.xlsx', 'Google Distance Matrix', 'MA_Public_Schools_2017.csv', 'SRS Crime Rates CSV']",['Worcester-area but still Boston-commutable for some'],partial,False,,worcester_area
Northbridge,Worcester-area but still Boston-commutable for some,Worcester,16719,,,46854,165382,1.88,114,6.95,6.53,50.9,41.82,1.91,,,4.2,"['home_price_year', 'latest_home_price', 'school_score']","['DOR_Income_EQV_Per_Capita.xlsx', 'Google Distance Matrix', 'SRS Crime Rates CSV']",['Worcester-area but still Boston-commutable for some'],partial,False,,worcester_area
Douglas,Worcester-area but still Boston-commutable for some,Worcester,9452,,,49751,184652,2.62,61,6.58,7.09,59.9,55.6,0.7,3.93,,4.55,"['home_price_year', 'latest_home_price']","['DOR_Income_EQV_Per_Capita.xlsx', 'Google Distance Matrix', 'MA_Public_Schools_2017.csv', 'SRS Crime Rates CSV']","['Worcester-area but still Boston-commutable for some', 'low crime']",partial,False,,worcester_area
Uxbridge,Worcester-area but still Boston-commutable for some,Worcester,14703,,,47913,224284,3.44,107,7.36,6.28,57.6,45.5,1.03,1.61,,3.78,"['home_price_year', 'latest_home_price']","['DOR_Income_EQV_Per_Capita.xlsx', 'Google Distance Matrix', 'MA_Public_Schools_2017.csv', 'SRS Crime Rates CSV']",['Worcester-area but still Boston-commutable for some'],partial,False,,worcester_area
Blackstone,Worcester-area but still Boston-commutable for some,Worcester,9374,,,40976,158520,1.1,50,5.4,8.24,57.0,49.29,1.26,3.21,,4.18,"['home_price_year', 'latest_home_price']","['DOR_Income_EQV_Per_Capita.xlsx', 'Google Distance Matrix', 'MA_Public_Schools_2017.csv', 'SRS Crime Rates CSV']","['Worcester-area but still Boston-commutable for some', 'low crime']",partial,False,,worcester_area
Millville,Worcester-area but still Boston-commutable for some,Worcester,3187,,,41356,149419,1.03,10,3.18,9.55,60.0,55.66,0.63,,,5.29,"['home_price_year', 'latest_home_price', 'school_score']","['DOR_Income_EQV_Per_Capita.xlsx', 'Google Distance Matrix', 'SRS Crime Rates CSV']","['Worcester-area but still Boston-commutable for some', 'low crime']",partial,False,,worcester_area
Leicester,Worcester-area but still Boston-commutable for some,Worcester,11224,,,40942,156499,1.03,160,14.47,3.29,57.6,52.41,1.03,4.43,,2.92,"['home_price_year', 'latest_home_price']","['DOR_Income_EQV_Per_Capita.xlsx', 'Google Distance Matrix', 'MA_Public_Schools_2017.csv', 'SRS Crime Rates CSV']",['Worcester-area but still Boston-commutable for some'],partial,False,,worcester_area
Paxton,Worcester-area but still Boston-commutable for some,Worcester,5043,,,49307,166101,2.19,35,6.93,6.58,64.7,56.13,0.15,1.85,,3.54,"['home_price_year', 'latest_home_price']","['DOR_Income_EQV_Per_Capita.xlsx', 'Google Distance Matrix', 'MA_Public_Schools_2017.csv', 'SRS Crime Rates CSV']",['Worcester-area but still Boston-commutable for some'],partial,False,,worcester_area
Holden,Worcester-area but still Boston-commutable for some,Worcester,20326,,,55612,187505,3.26,90,4.51,8.99,60.6,54.56,0.55,5.95,,6.07,"['home_price_year', 'latest_home_price']","['DOR_Income_EQV_Per_Capita.xlsx', 'Google Distance Matrix', 'MA_Public_Schools_2017.csv', 'SRS Crime Rates CSV']","['Worcester-area but still Boston-commutable for some', 'low crime']",partial,False,,worcester_area
West Boylston,Worcester-area but still Boston-commutable for some,Worcester,7938,,,46024,198139,2.54,37,4.72,8.79,53.1,48.74,1.48,5.65,,5.66,"['home_price_year', 'latest_home_price']","['DOR_Income_EQV_Per_Capita.xlsx', 'Google Distance Matrix', 'MA_Public_Schools_2017.csv', 'SRS Crime Rates CSV']","['Worcester-area but still Boston-commutable for some', 'low crime']",partial,False,,worcester_area
Boylston,Worcester-area but still Boston-commutable for some,Worcester,5064,,,72411,276910,6.4,27,5.42,8.19,48.7,45.96,2.26,7.74,,7.44,"['home_price_year', 'latest_home_price']","['DOR_Income_EQV_Per_Capita.xlsx', 'Google Distance Matrix', 'MA_Public_Schools_2017.csv', 'SRS Crime Rates CSV']","['Worcester-area but still Boston-commutable for some', 'strong schools', 'low crime', 'family-friendly']",partial,False,,worcester_area
Rutland,Worcester-area but still Boston-commutable for some,Worcester,9637,,,46916,161009,1.88,71,7.52,6.21,68.8,59.68,0.05,2.38,,3.49,"['home_price_year', 'latest_home_price']","['DOR_Income_EQV_Per_Capita.xlsx', 'Google Distance Matrix', 'MA_Public_Schools_2017.csv', 'SRS Crime Rates CSV']",['Worcester-area but still Boston-commutable for some'],partial,False,,worcester_area
Princeton,Worcester-area but still Boston-commutable for some,Worcester,3597,,,71066,226144,5.2,17,4.83,8.64,66.3,63.36,0.1,1.07,,4.97,"['home_price_year', 'latest_home_price']","['DOR_Income_EQV_Per_Capita.xlsx', 'Google Distance Matrix', 'MA_Public_Schools_2017.csv', 'SRS Crime Rates CSV']","['Worcester-area but still Boston-commutable for some', 'low crime']",partial,False,,worcester_area
Leominster,Worcester-area but still Boston-commutable for some,Worcester,44209,,,36535,144619,0.62,1333,30.47,0.45,57.2,46.79,1.18,2.62,,1.23,"['home_price_year', 'latest_home_price']","['DOR_Income_EQV_Per_Capita.xlsx', 'Google Distance Matrix', 'MA_Public_Schools_2017.csv', 'SRS Crime Rates CSV']",['Worcester-area but still Boston-commutable for some'],partial,False,,worcester_area
Fitchburg,Worcester-area but still Boston-commutable for some,Worcester,42145,,,27202,115102,0.3,1253,30.14,0.5,64.2,51.42,0.2,1.49,,0.76,"['home_price_year', 'latest_home_price']","['DOR_Income_EQV_Per_Capita.xlsx', 'Google Distance Matrix', 'MA_Public_Schools_2017.csv', 'SRS Crime Rates CSV']",['Worcester-area but still Boston-commutable for some'],partial,False,,worcester_area
Lunenburg,Worcester-area but still Boston-commutable for some,Worcester,12007,,,50263,197808,3.06,171,14.37,3.42,61.8,50.34,0.45,4.17,,3.55,"['home_price_year', 'latest_home_price']","['DOR_Income_EQV_Per_Capita.xlsx', 'Google Distance Matrix', 'MA_Public_Schools_2017.csv', 'SRS Crime Rates CSV']",['Worcester-area but still Boston-commutable for some'],partial,False,,worcester_area
Westminster,Worcester-area but still Boston-commutable for some,Worcester,8509,,,50728,206330,3.32,81,9.63,5.13,63.5,55.62,0.3,,,4.22,"['home_price_year', 'latest_home_price', 'school_score']","['DOR_Income_EQV_Per_Capita.xlsx', 'Google Distance Matrix', 'SRS Crime Rates CSV']",['Worcester-area but still Boston-commutable for some'],partial,False,,worcester_area
Gardner,Worcester-area but still Boston-commutable for some,Worcester,21381,,,27230,108774,0.22,305,14.65,3.12,69.5,60.88,0.0,0.89,,1.41,"['home_price_year', 'latest_home_price']","['DOR_Income_EQV_Per_Capita.xlsx', 'Google Distance Matrix', 'MA_Public_Schools_2017.csv', 'SRS Crime Rates CSV']",['Worcester-area but still Boston-commutable for some'],partial,False,,worcester_area
